"parcela","state","Name","location","plotID","sizeplot","year","owner","Alive.parcela","Dead.parcela","NA.height","No.height"
"ANA_A01 P01 50x50 2015","PA","Projeto Anambé","ANA_A01","P01","50x50",2015,"PaiSus","146","9",145,1
"ANA_A01 P02 50x50 2015","PA","Projeto Anambé","ANA_A01","P02","50x50",2015,"PaiSus","125","8",121,4
"ANA_A01 P03 50x50 2015","PA","Projeto Anambé","ANA_A01","P03","50x50",2015,"PaiSus","103","9",95,4
"ANA_A01 P04 50x50 2015","PA","Projeto Anambé","ANA_A01","P04","50x50",2015,"PaiSus","112","4",108,3
"ANA_A01 P05 50x50 2015","PA","Projeto Anambé","ANA_A01","P05","50x50",2015,"PaiSus","68","1",62,6
"ANA_A01 P06 50x50 2015","PA","Projeto Anambé","ANA_A01","P06","50x50",2015,"PaiSus","98","2",90,7
"ANA_A01 P07 50x50 2015","PA","Projeto Anambé","ANA_A01","P07","50x50",2015,"PaiSus","112","3",104,7
"ANA_A01 P08 50x50 2015","PA","Projeto Anambé","ANA_A01","P08","50x50",2015,"PaiSus","133","2",129,4
"ANA_A01 P09 50x50 2015","PA","Projeto Anambé","ANA_A01","P09","50x50",2015,"PaiSus","116","6",106,10
"ANA_A01 P10 50x50 2015","PA","Projeto Anambé","ANA_A01","P10","50x50",2015,"PaiSus","112","4",105,6
"ANA_A01 P11 50x50 2015","PA","Projeto Anambé","ANA_A01","P11","50x50",2015,"PaiSus","120","2",114,5
"ANA_A01 P12 50x50 2015","PA","Projeto Anambé","ANA_A01","P12","50x50",2015,"PaiSus","101","1",84,14
"ANA_A01 P13 50x50 2015","PA","Projeto Anambé","ANA_A01","P13","50x50",2015,"PaiSus","100","4",88,11
"ANA_A01 P14 50x50 2015","PA","Projeto Anambé","ANA_A01","P14","50x50",2015,"PaiSus","141","7",134,4
"ANA_A01 P15 50x50 2015","PA","Projeto Anambé","ANA_A01","P15","50x50",2015,"PaiSus","132","6",123,9
"ANA_A01 P16 50x50 2015","PA","Projeto Anambé","ANA_A01","P16","50x50",2015,"PaiSus","94","6",84,10
"ANA_A01 P17 50x50 2015","PA","Projeto Anambé","ANA_A01","P17","50x50",2015,"PaiSus","136","2",126,9
"ANA_A01 P18 50x50 2015","PA","Projeto Anambé","ANA_A01","P18","50x50",2015,"PaiSus","128","5",120,8
"ANA_A01 P19 50x50 2015","PA","Projeto Anambé","ANA_A01","P19","50x50",2015,"PaiSus","86","4",78,8
"ANA_A01 P20 50x50 2015","PA","Projeto Anambé","ANA_A01","P20","50x50",2015,"PaiSus","115","4",109,6
"ANA_A01 P21 50x50 2015","PA","Projeto Anambé","ANA_A01","P21","50x50",2015,"PaiSus","122","1",108,13
"ANA_A01 P22 50x50 2015","PA","Projeto Anambé","ANA_A01","P22","50x50",2015,"PaiSus","93","2",87,6
"ANA_A01 P23 50x50 2015","PA","Projeto Anambé","ANA_A01","P23","50x50",2015,"PaiSus","112","4",103,7
"ANA_A01 P24 50x50 2015","PA","Projeto Anambé","ANA_A01","P24","50x50",2015,"PaiSus","97","4",86,11
"ANA_A01 P25 50x50 2015","PA","Projeto Anambé","ANA_A01","P25","50x50",2015,"PaiSus","92","0",80,12
"ANA_A01 P26 50x50 2015","PA","Projeto Anambé","ANA_A01","P26","50x50",2015,"PaiSus","126","3",120,4
"ANA_A01 P27 50x50 2015","PA","Projeto Anambé","ANA_A01","P27","50x50",2015,"PaiSus","140","4",136,4
"ANA_A01 P28 50x50 2015","PA","Projeto Anambé","ANA_A01","P28","50x50",2015,"PaiSus","99","0",90,9
"ANA_A01 P29 50x50 2015","PA","Projeto Anambé","ANA_A01","P29","50x50",2015,"PaiSus","135","3",128,7
"ANA_A01 P30 50x50 2015","PA","Projeto Anambé","ANA_A01","P30","50x50",2015,"PaiSus","101","5",89,12
"ANA_A01 P31 50x50 2015","PA","Projeto Anambé","ANA_A01","P31","50x50",2015,"PaiSus","110","11",103,6
"ANA_A01 P32 50x50 2015","PA","Projeto Anambé","ANA_A01","P32","50x50",2015,"PaiSus","130","2",117,13
"AND_A01 T01P01 50x50 2013","PA","Fazenda Andiroba","AND_A01","T01P01","50x50",2013,"PaiSus","16","5",1,15
"AND_A01 T01P02 50x50 2013","PA","Fazenda Andiroba","AND_A01","T01P02","50x50",2013,"PaiSus","29","2",0,29
"AND_A01 T01P03 50x50 2013","PA","Fazenda Andiroba","AND_A01","T01P03","50x50",2013,"PaiSus","18","3",0,18
"AND_A01 T01P04 50x50 2013","PA","Fazenda Andiroba","AND_A01","T01P04","50x50",2013,"PaiSus","21","2",0,21
"AND_A01 T02P01 50x50 2013","PA","Fazenda Andiroba","AND_A01","T02P01","50x50",2013,"PaiSus","14","0",0,14
"AND_A01 T02P02 50x50 2013","PA","Fazenda Andiroba","AND_A01","T02P02","50x50",2013,"PaiSus","26","1",0,26
"AND_A01 T02P03 50x50 2013","PA","Fazenda Andiroba","AND_A01","T02P03","50x50",2013,"PaiSus","12","1",0,12
"AND_A01 T02P04 50x50 2013","PA","Fazenda Andiroba","AND_A01","T02P04","50x50",2013,"PaiSus","22","5",1,21
"AND_A01 T03P01 50x50 2013","PA","Fazenda Andiroba","AND_A01","T03P01","50x50",2013,"PaiSus","31","0",0,31
"AND_A01 T03P02 50x50 2013","PA","Fazenda Andiroba","AND_A01","T03P02","50x50",2013,"PaiSus","19","4",0,19
"AND_A01 T03P03 50x50 2013","PA","Fazenda Andiroba","AND_A01","T03P03","50x50",2013,"PaiSus","10","0",0,10
"AND_A01 T03P04 50x50 2013","PA","Fazenda Andiroba","AND_A01","T03P04","50x50",2013,"PaiSus","16","2",0,15
"AND_A01 T04P01 50x50 2013","PA","Fazenda Andiroba","AND_A01","T04P01","50x50",2013,"PaiSus","12","2",0,12
"AND_A01 T04P02 50x50 2013","PA","Fazenda Andiroba","AND_A01","T04P02","50x50",2013,"PaiSus","10","3",0,10
"AND_A01 T04P03 50x50 2013","PA","Fazenda Andiroba","AND_A01","T04P03","50x50",2013,"PaiSus","16","4",0,16
"AND_A01 T04P04 50x50 2013","PA","Fazenda Andiroba","AND_A01","T04P04","50x50",2013,"PaiSus","20","0",0,20
"AND_A01 T05P01 50x50 2013","PA","Fazenda Andiroba","AND_A01","T05P01","50x50",2013,"PaiSus","10","3",1,9
"AND_A01 T05P02 50x50 2013","PA","Fazenda Andiroba","AND_A01","T05P02","50x50",2013,"PaiSus","12","3",0,12
"AND_A01 T05P03 50x50 2013","PA","Fazenda Andiroba","AND_A01","T05P03","50x50",2013,"PaiSus","12","2",0,12
"AND_A01 T05P04 50x50 2013","PA","Fazenda Andiroba","AND_A01","T05P04","50x50",2013,"PaiSus","15","3",0,15
"BON_A01 P01 50x50 2014","AC","Bonal","BON_A01","P01","50x50",2014,"PaiSus","32","1",0,32
"BON_A01 P02 50x50 2014","AC","Bonal","BON_A01","P02","50x50",2014,"PaiSus","22","1",0,22
"BON_A01 P03 50x50 2014","AC","Bonal","BON_A01","P03","50x50",2014,"PaiSus","31","2",0,28
"BON_A01 P04 50x50 2014","AC","Bonal","BON_A01","P04","50x50",2014,"PaiSus","26","2",0,26
"BON_A01 P05 50x50 2014","AC","Bonal","BON_A01","P05","50x50",2014,"PaiSus","34","0",0,33
"BON_A01 P06 50x50 2014","AC","Bonal","BON_A01","P06","50x50",2014,"PaiSus","15","2",0,15
"BON_A01 P07 50x50 2014","AC","Bonal","BON_A01","P07","50x50",2014,"PaiSus","25","1",0,25
"BON_A01 P08 50x50 2014","AC","Bonal","BON_A01","P08","50x50",2014,"PaiSus","30","1",0,30
"BON_A01 P09 50x50 2014","AC","Bonal","BON_A01","P09","50x50",2014,"PaiSus","19","3",0,19
"BON_A01 P10 50x50 2014","AC","Bonal","BON_A01","P10","50x50",2014,"PaiSus","23","0",0,23
"CAU_A01 T01_P1 50x50 2018","PA","Fazenda Cauaxi","CAU_A01","T01_P1","50x50",2018,"PaiSus","66","3",64,0
"CAU_A01 T01_P2 50x50 2018","PA","Fazenda Cauaxi","CAU_A01","T01_P2","50x50",2018,"PaiSus","65","2",63,0
"CAU_A01 T02_P1 50x50 2018","PA","Fazenda Cauaxi","CAU_A01","T02_P1","50x50",2018,"PaiSus","74","3",74,0
"CAU_A01 T02_P2 50x50 2018","PA","Fazenda Cauaxi","CAU_A01","T02_P2","50x50",2018,"PaiSus","57","4",57,0
"CAU_A01 T02_P3 50x50 2018","PA","Fazenda Cauaxi","CAU_A01","T02_P3","50x50",2018,"PaiSus","63","1",63,0
"CAU_A01 T02_P4 50x50 2018","PA","Fazenda Cauaxi","CAU_A01","T02_P4","50x50",2018,"PaiSus","54","0",53,0
"CAU_A01 T03_P1 50x50 2018","PA","Fazenda Cauaxi","CAU_A01","T03_P1","50x50",2018,"PaiSus","41","2",40,0
"CAU_A01 T03_P2 50x50 2018","PA","Fazenda Cauaxi","CAU_A01","T03_P2","50x50",2018,"PaiSus","40","5",40,0
"CAU_A01 T03_P3 50x50 2018","PA","Fazenda Cauaxi","CAU_A01","T03_P3","50x50",2018,"PaiSus","47","0",46,0
"CAU_A01 T03_P4 50x50 2018","PA","Fazenda Cauaxi","CAU_A01","T03_P4","50x50",2018,"PaiSus","34","4",33,0
"CAU_A01 T04_P1 50x50 2018","PA","Fazenda Cauaxi","CAU_A01","T04_P1","50x50",2018,"PaiSus","66","1",66,0
"CAU_A01 T04_P2 50x50 2018","PA","Fazenda Cauaxi","CAU_A01","T04_P2","50x50",2018,"PaiSus","48","0",48,0
"CAU_A01 T04_P3 50x50 2018","PA","Fazenda Cauaxi","CAU_A01","T04_P3","50x50",2018,"PaiSus","56","6",56,0
"CAU_A01 T04_P4 50x50 2018","PA","Fazenda Cauaxi","CAU_A01","T04_P4","50x50",2018,"PaiSus","49","0",49,0
"CAU_A01 T05_P2 50x50 2018","PA","Fazenda Cauaxi","CAU_A01","T05_P2","50x50",2018,"PaiSus","45","8",45,0
"CAU_A01 T05_P3 50x50 2018","PA","Fazenda Cauaxi","CAU_A01","T05_P3","50x50",2018,"PaiSus","28","4",28,0
"CAU_A01 T05_P4 50x50 2018","PA","Fazenda Cauaxi","CAU_A01","T05_P4","50x50",2018,"PaiSus","48","7",48,0
"CAU_A01 T06_P1 50x50 2018","PA","Fazenda Cauaxi","CAU_A01","T06_P1","50x50",2018,"PaiSus","48","9",45,0
"CAU_A01 T06_P2 50x50 2018","PA","Fazenda Cauaxi","CAU_A01","T06_P2","50x50",2018,"PaiSus","50","5",50,0
"CAU_A01 T06_P3 50x50 2018","PA","Fazenda Cauaxi","CAU_A01","T06_P3","50x50",2018,"PaiSus","51","0",51,0
"CAU_A01 T06_P4 50x50 2018","PA","Fazenda Cauaxi","CAU_A01","T06_P4","50x50",2018,"PaiSus","46","7",44,0
"CAU_A01 T07_P1 50x50 2018","PA","Fazenda Cauaxi","CAU_A01","T07_P1","50x50",2018,"PaiSus","40","4",38,0
"CAU_A01 T07_P2 50x50 2018","PA","Fazenda Cauaxi","CAU_A01","T07_P2","50x50",2018,"PaiSus","44","3",43,0
"CAU_A01 T07_P3 50x50 2018","PA","Fazenda Cauaxi","CAU_A01","T07_P3","50x50",2018,"PaiSus","30","6",29,0
"CAU_A01 T07_P4 50x50 2018","PA","Fazenda Cauaxi","CAU_A01","T07_P4","50x50",2018,"PaiSus","52","0",49,0
"CAU_A01 T08_P1 50x50 2018","PA","Fazenda Cauaxi","CAU_A01","T08_P1","50x50",2018,"PaiSus","46","2",46,0
"CAU_A01 T08_P2 50x50 2018","PA","Fazenda Cauaxi","CAU_A01","T08_P2","50x50",2018,"PaiSus","23","5",22,0
"CAU_A01 T08_P3 50x50 2018","PA","Fazenda Cauaxi","CAU_A01","T08_P3","50x50",2018,"PaiSus","46","3",42,0
"CAU_A01 T08_P4 50x50 2018","PA","Fazenda Cauaxi","CAU_A01","T08_P4","50x50",2018,"PaiSus","53","4",53,0
"CAU_A01 T09_P1 50x50 2018","PA","Fazenda Cauaxi","CAU_A01","T09_P1","50x50",2018,"PaiSus","50","0",50,0
"CAU_A01 T09_P2 50x50 2018","PA","Fazenda Cauaxi","CAU_A01","T09_P2","50x50",2018,"PaiSus","56","3",56,0
"CAU_A01 T09_P3 50x50 2018","PA","Fazenda Cauaxi","CAU_A01","T09_P3","50x50",2018,"PaiSus","34","5",33,0
"CAU_A01 T09_P4 50x50 2018","PA","Fazenda Cauaxi","CAU_A01","T09_P4","50x50",2018,"PaiSus","42","4",41,0
"CAU_A01 T10_P1 50x50 2018","PA","Fazenda Cauaxi","CAU_A01","T10_P1","50x50",2018,"PaiSus","54","6",52,0
"CAU_A01 T10_P2 50x50 2018","PA","Fazenda Cauaxi","CAU_A01","T10_P2","50x50",2018,"PaiSus","52","2",52,0
"CAU_A01 T10_P3 50x50 2018","PA","Fazenda Cauaxi","CAU_A01","T10_P3","50x50",2018,"PaiSus","61","0",61,0
"CAU_A01 T10_P4 50x50 2018","PA","Fazenda Cauaxi","CAU_A01","T10_P4","50x50",2018,"PaiSus","46","4",46,0
"CAU_A01 T11_P1 50x50 2018","PA","Fazenda Cauaxi","CAU_A01","T11_P1","50x50",2018,"PaiSus","53","1",53,0
"CAU_A01 T11_P2 50x50 2018","PA","Fazenda Cauaxi","CAU_A01","T11_P2","50x50",2018,"PaiSus","42","1",41,0
"CAU_A01 T11_P3 50x50 2018","PA","Fazenda Cauaxi","CAU_A01","T11_P3","50x50",2018,"PaiSus","47","3",47,0
"CAU_A01 T11_P4 50x50 2018","PA","Fazenda Cauaxi","CAU_A01","T11_P4","50x50",2018,"PaiSus","52","1",52,0
"CAU_A01 T12_P1 50x50 2018","PA","Fazenda Cauaxi","CAU_A01","T12_P1","50x50",2018,"PaiSus","51","5",51,0
"CAU_A01 T12_P2 50x50 2018","PA","Fazenda Cauaxi","CAU_A01","T12_P2","50x50",2018,"PaiSus","49","0",49,0
"CAU_A01 T12_P3 50x50 2018","PA","Fazenda Cauaxi","CAU_A01","T12_P3","50x50",2018,"PaiSus","47","4",47,0
"CAU_A01 T12_P4 50x50 2018","PA","Fazenda Cauaxi","CAU_A01","T12_P4","50x50",2018,"PaiSus","48","1",48,0
"CAU_A01 T13_P1 50x50 2018","PA","Fazenda Cauaxi","CAU_A01","T13_P1","50x50",2018,"PaiSus","62","3",60,0
"CAU_A01 T13_P2 50x50 2018","PA","Fazenda Cauaxi","CAU_A01","T13_P2","50x50",2018,"PaiSus","63","0",62,0
"CAU_A01 T13_P3 50x50 2018","PA","Fazenda Cauaxi","CAU_A01","T13_P3","50x50",2018,"PaiSus","52","5",51,0
"CAU_A01 T13_P4 50x50 2018","PA","Fazenda Cauaxi","CAU_A01","T13_P4","50x50",2018,"PaiSus","48","3",48,0
"CAU_A01 T14_P1 50x50 2018","PA","Fazenda Cauaxi","CAU_A01","T14_P1","50x50",2018,"PaiSus","49","2",47,0
"CAU_A01 T14_P2 50x50 2018","PA","Fazenda Cauaxi","CAU_A01","T14_P2","50x50",2018,"PaiSus","48","4",48,0
"CAU_A01 T14_P3 50x50 2018","PA","Fazenda Cauaxi","CAU_A01","T14_P3","50x50",2018,"PaiSus","46","3",45,0
"CAU_A01 T14_P4 50x50 2018","PA","Fazenda Cauaxi","CAU_A01","T14_P4","50x50",2018,"PaiSus","47","4",46,0
"CAU_A01 T15_P1 50x50 2018","PA","Fazenda Cauaxi","CAU_A01","T15_P1","50x50",2018,"PaiSus","44","5",43,0
"CAU_A01 T15_P2 50x50 2018","PA","Fazenda Cauaxi","CAU_A01","T15_P2","50x50",2018,"PaiSus","57","2",55,0
"CAU_A01 T15_P3 50x50 2018","PA","Fazenda Cauaxi","CAU_A01","T15_P3","50x50",2018,"PaiSus","53","4",52,0
"CAU_A01 T15_P4 50x50 2018","PA","Fazenda Cauaxi","CAU_A01","T15_P4","50x50",2018,"PaiSus","61","1",61,0
"CAU_A01 T16_P1 50x50 2018","PA","Fazenda Cauaxi","CAU_A01","T16_P1","50x50",2018,"PaiSus","50","6",50,0
"CAU_A01 T16_P2 50x50 2018","PA","Fazenda Cauaxi","CAU_A01","T16_P2","50x50",2018,"PaiSus","56","5",56,0
"CAU_A01 T16_P3 50x50 2018","PA","Fazenda Cauaxi","CAU_A01","T16_P3","50x50",2018,"PaiSus","41","6",41,0
"CAU_A01 T16_P4 50x50 2018","PA","Fazenda Cauaxi","CAU_A01","T16_P4","50x50",2018,"PaiSus","51","6",51,0
"CAU_A01 T17_P1 50x50 2018","PA","Fazenda Cauaxi","CAU_A01","T17_P1","50x50",2018,"PaiSus","59","4",59,0
"CAU_A01 T17_P2 50x50 2018","PA","Fazenda Cauaxi","CAU_A01","T17_P2","50x50",2018,"PaiSus","42","12",41,0
"CAU_A01 T17_P3 50x50 2018","PA","Fazenda Cauaxi","CAU_A01","T17_P3","50x50",2018,"PaiSus","42","0",42,0
"CAU_A01 T17_P4 50x50 2018","PA","Fazenda Cauaxi","CAU_A01","T17_P4","50x50",2018,"PaiSus","58","0",58,0
"CAU_A01 T18_P1 50x50 2018","PA","Fazenda Cauaxi","CAU_A01","T18_P1","50x50",2018,"PaiSus","50","5",50,0
"CAU_A01 T18_P2 50x50 2018","PA","Fazenda Cauaxi","CAU_A01","T18_P2","50x50",2018,"PaiSus","68","1",63,0
"CAU_A01 T18_P3 50x50 2018","PA","Fazenda Cauaxi","CAU_A01","T18_P3","50x50",2018,"PaiSus","62","4",62,0
"CAU_A01 T18_P4 50x50 2018","PA","Fazenda Cauaxi","CAU_A01","T18_P4","50x50",2018,"PaiSus","45","1",45,0
"CAU_A01 T19_P1 50x50 2018","PA","Fazenda Cauaxi","CAU_A01","T19_P1","50x50",2018,"PaiSus","56","0",56,0
"CAU_A01 T19_P2 50x50 2018","PA","Fazenda Cauaxi","CAU_A01","T19_P2","50x50",2018,"PaiSus","70","3",66,0
"CAU_A01 T19_P3 50x50 2018","PA","Fazenda Cauaxi","CAU_A01","T19_P3","50x50",2018,"PaiSus","39","3",39,0
"CAU_A01 T19_P4 50x50 2018","PA","Fazenda Cauaxi","CAU_A01","T19_P4","50x50",2018,"PaiSus","44","4",44,0
"CAU_A01 T20_P1 50x50 2018","PA","Fazenda Cauaxi","CAU_A01","T20_P1","50x50",2018,"PaiSus","51","3",49,0
"CAU_A01 T20_P2 50x50 2018","PA","Fazenda Cauaxi","CAU_A01","T20_P2","50x50",2018,"PaiSus","45","2",44,0
"CAU_A01 T20_P3 50x50 2018","PA","Fazenda Cauaxi","CAU_A01","T20_P3","50x50",2018,"PaiSus","58","5",58,0
"CAU_A01 T20_P4 50x50 2018","PA","Fazenda Cauaxi","CAU_A01","T20_P4","50x50",2018,"PaiSus","50","5",48,0
"CAU_A01 T21_P1 50x50 2018","PA","Fazenda Cauaxi","CAU_A01","T21_P1","50x50",2018,"PaiSus","32","4",32,0
"CAU_A01 T21_P2 50x50 2018","PA","Fazenda Cauaxi","CAU_A01","T21_P2","50x50",2018,"PaiSus","47","4",46,0
"CAU_A01 T21_P3 50x50 2018","PA","Fazenda Cauaxi","CAU_A01","T21_P3","50x50",2018,"PaiSus","43","10",42,0
"CAU_A01 T21_P4 50x50 2018","PA","Fazenda Cauaxi","CAU_A01","T21_P4","50x50",2018,"PaiSus","36","8",36,0
"CAU_A01 T22_P1 50x50 2018","PA","Fazenda Cauaxi","CAU_A01","T22_P1","50x50",2018,"PaiSus","43","5",43,0
"CAU_A01 T22_P2 50x50 2018","PA","Fazenda Cauaxi","CAU_A01","T22_P2","50x50",2018,"PaiSus","45","2",45,0
"CAU_A01 T22_P3 50x50 2018","PA","Fazenda Cauaxi","CAU_A01","T22_P3","50x50",2018,"PaiSus","54","5",53,0
"CAU_A01 T22_P4 50x50 2018","PA","Fazenda Cauaxi","CAU_A01","T22_P4","50x50",2018,"PaiSus","53","4",53,0
"DUC_A01 P02 50x50 2016","AM","Reserva Florestal Adolpho Ducke","DUC_A01","P02","50x50",2016,"PaiSus","49","5",49,0
"DUC_A01 P04 50x50 2016","AM","Reserva Florestal Adolpho Ducke","DUC_A01","P04","50x50",2016,"PaiSus","74","3",73,0
"DUC_A01 P05 50x50 2016","AM","Reserva Florestal Adolpho Ducke","DUC_A01","P05","50x50",2016,"PaiSus","54","6",54,0
"DUC_A01 P07 50x50 2016","AM","Reserva Florestal Adolpho Ducke","DUC_A01","P07","50x50",2016,"PaiSus","76","5",76,0
"DUC_A01 P08 50x50 2016","AM","Reserva Florestal Adolpho Ducke","DUC_A01","P08","50x50",2016,"PaiSus","59","7",59,0
"DUC_A01 P09 50x50 2016","AM","Reserva Florestal Adolpho Ducke","DUC_A01","P09","50x50",2016,"PaiSus","73","4",71,0
"DUC_A01 P10 50x50 2016","AM","Reserva Florestal Adolpho Ducke","DUC_A01","P10","50x50",2016,"PaiSus","79","8",79,0
"DUC_A01 P11 50x50 2016","AM","Reserva Florestal Adolpho Ducke","DUC_A01","P11","50x50",2016,"PaiSus","60","2",59,0
"DUC_A01 P12 50x50 2016","AM","Reserva Florestal Adolpho Ducke","DUC_A01","P12","50x50",2016,"PaiSus","66","2",65,0
"DUC_A01 P13 50x50 2016","AM","Reserva Florestal Adolpho Ducke","DUC_A01","P13","50x50",2016,"PaiSus","53","9",53,0
"DUC_A01 P14 50x50 2016","AM","Reserva Florestal Adolpho Ducke","DUC_A01","P14","50x50",2016,"PaiSus","59","5",59,0
"DUC_A01 P15 50x50 2016","AM","Reserva Florestal Adolpho Ducke","DUC_A01","P15","50x50",2016,"PaiSus","58","5",58,0
"DUC_A01 P16 50x50 2016","AM","Reserva Florestal Adolpho Ducke","DUC_A01","P16","50x50",2016,"PaiSus","67","1",67,0
"DUC_A01 P17 50x50 2016","AM","Reserva Florestal Adolpho Ducke","DUC_A01","P17","50x50",2016,"PaiSus","52","2",52,0
"DUC_A01 P18 50x50 2016","AM","Reserva Florestal Adolpho Ducke","DUC_A01","P18","50x50",2016,"PaiSus","76","6",75,0
"DUC_A01 P19 50x50 2016","AM","Reserva Florestal Adolpho Ducke","DUC_A01","P19","50x50",2016,"PaiSus","78","5",76,0
"DUC_A01 P20 50x50 2016","AM","Reserva Florestal Adolpho Ducke","DUC_A01","P20","50x50",2016,"PaiSus","53","8",52,0
"EMB_A01 P01 100x100 2016","AC","Embrapa_Acre","EMB_A01","P01","100x100",2016,"MarVin","604","38",521,0
"EMB_A01 P02 100x100 2016","AC","Embrapa_Acre","EMB_A01","P02","100x100",2016,"MarVin","564","68",469,0
"EMB_A01 P03 100x100 2016","AC","Embrapa_Acre","EMB_A01","P03","100x100",2016,"MarVin","496","87",401,0
"EMB_A01 P04 100x100 2016","AC","Embrapa_Acre","EMB_A01","P04","100x100",2016,"MarVin","521","56",435,0
"FEA_A01 P01 50x50 2013","AC","FE_Antimary_2013","FEA_A01","P01","50x50",2013,"MarVin","92","7",90,0
"FEA_A01 P02 50x50 2013","AC","FE_Antimary_2013","FEA_A01","P02","50x50",2013,"MarVin","107","16",105,0
"FEA_A01 P03 50x50 2013","AC","FE_Antimary_2013","FEA_A01","P03","50x50",2013,"MarVin","118","1",113,0
"FEA_A01 P04 50x50 2013","AC","FE_Antimary_2013","FEA_A01","P04","50x50",2013,"MarVin","149","0",146,0
"FEA_A01 P05 50x50 2013","AC","FE_Antimary_2013","FEA_A01","P05","50x50",2013,"MarVin","134","5",133,0
"FEA_A01 P06 50x50 2013","AC","FE_Antimary_2013","FEA_A01","P06","50x50",2013,"MarVin","85","2",85,0
"FEA_A01 P07 50x50 2013","AC","FE_Antimary_2013","FEA_A01","P07","50x50",2013,"MarVin","84","10",84,0
"FEA_A01 P08 50x50 2013","AC","FE_Antimary_2013","FEA_A01","P08","50x50",2013,"MarVin","99","6",99,0
"FEA_A01 P09 50x50 2013","AC","FE_Antimary_2013","FEA_A01","P09","50x50",2013,"MarVin","150","0",147,0
"FEA_A01 P10 50x50 2013","AC","FE_Antimary_2013","FEA_A01","P10","50x50",2013,"MarVin","129","3",121,0
"FEA_A01 P11 50x50 2013","AC","FE_Antimary_2013","FEA_A01","P11","50x50",2013,"MarVin","141","1",140,0
"FEA_A01 P12 50x50 2013","AC","FE_Antimary_2013","FEA_A01","P12","50x50",2013,"MarVin","115","0",113,0
"FEA_A01 P13 50x50 2013","AC","FE_Antimary_2013","FEA_A01","P13","50x50",2013,"MarVin","95","16",94,0
"FEA_A01 P14 50x50 2013","AC","FE_Antimary_2013","FEA_A01","P14","50x50",2013,"MarVin","161","0",158,0
"FEA_A01 P15 50x50 2013","AC","FE_Antimary_2013","FEA_A01","P15","50x50",2013,"MarVin","76","35",76,0
"FEA_A01 P16 50x50 2013","AC","FE_Antimary_2013","FEA_A01","P16","50x50",2013,"MarVin","115","0",104,0
"FEA_A01 P17 50x50 2013","AC","FE_Antimary_2013","FEA_A01","P17","50x50",2013,"MarVin","89","0",88,0
"FEA_A01 P18 50x50 2013","AC","FE_Antimary_2013","FEA_A01","P18","50x50",2013,"MarVin","150","0",149,0
"FEA_A01 P19 50x50 2013","AC","FE_Antimary_2013","FEA_A01","P19","50x50",2013,"MarVin","132","0",128,0
"FEA_A01 P20 50x50 2013","AC","FE_Antimary_2013","FEA_A01","P20","50x50",2013,"MarVin","142","2",139,0
"FEA_A01 P21 50x50 2013","AC","FE_Antimary_2013","FEA_A01","P21","50x50",2013,"MarVin","127","1",123,0
"FEA_A01 P22 50x50 2013","AC","FE_Antimary_2013","FEA_A01","P22","50x50",2013,"MarVin","171","0",171,0
"FEA_A01 P23 50x50 2013","AC","FE_Antimary_2013","FEA_A01","P23","50x50",2013,"MarVin","94","2",93,0
"FEA_A01 P24 50x50 2013","AC","FE_Antimary_2013","FEA_A01","P24","50x50",2013,"MarVin","120","0",120,0
"FEA_A01 P25 50x50 2013","AC","FE_Antimary_2013","FEA_A01","P25","50x50",2013,"MarVin","97","2",96,0
"FEA_A01 P26 50x50 2013","AC","FE_Antimary_2013","FEA_A01","P26","50x50",2013,"MarVin","147","6",147,0
"FEA_A01 P27 50x50 2013","AC","FE_Antimary_2013","FEA_A01","P27","50x50",2013,"MarVin","110","0",110,0
"FEA_A01 P28 50x50 2013","AC","FE_Antimary_2013","FEA_A01","P28","50x50",2013,"MarVin","142","5",138,0
"FEA_A01 P29 50x50 2013","AC","FE_Antimary_2013","FEA_A01","P29","50x50",2013,"MarVin","158","2",155,0
"FEA_A01 P30 50x50 2013","AC","FE_Antimary_2013","FEA_A01","P30","50x50",2013,"MarVin","121","3",118,0
"FEA_A01 P31 50x50 2013","AC","FE_Antimary_2013","FEA_A01","P31","50x50",2013,"MarVin","130","0",124,0
"FEA_A01 P32 50x50 2013","AC","FE_Antimary_2013","FEA_A01","P32","50x50",2013,"MarVin","147","0",142,0
"FEA_A01 P33 50x50 2013","AC","FE_Antimary_2013","FEA_A01","P33","50x50",2013,"MarVin","158","1",155,0
"FEA_A01 P34 50x50 2013","AC","FE_Antimary_2013","FEA_A01","P34","50x50",2013,"MarVin","167","0",167,0
"FEA_A01 P35 50x50 2013","AC","FE_Antimary_2013","FEA_A01","P35","50x50",2013,"MarVin","135","0",133,0
"FEA_A01 P36 50x50 2013","AC","FE_Antimary_2013","FEA_A01","P36","50x50",2013,"MarVin","113","1",113,0
"FEA_A01 P37 50x50 2013","AC","FE_Antimary_2013","FEA_A01","P37","50x50",2013,"MarVin","143","0",142,0
"FEA_A01 P38 50x50 2013","AC","FE_Antimary_2013","FEA_A01","P38","50x50",2013,"MarVin","93","22",93,0
"FEA_A01 P39 50x50 2013","AC","FE_Antimary_2013","FEA_A01","P39","50x50",2013,"MarVin","130","20",129,0
"FEA_A01 P40 50x50 2013","AC","FE_Antimary_2013","FEA_A01","P40","50x50",2013,"MarVin","141","2",139,0
"FEA_A01 P41 50x50 2013","AC","FE_Antimary_2013","FEA_A01","P41","50x50",2013,"MarVin","115","0",109,0
"FEA_A01 P42 50x50 2013","AC","FE_Antimary_2013","FEA_A01","P42","50x50",2013,"MarVin","151","1",149,0
"FEA_A01 P43 50x50 2013","AC","FE_Antimary_2013","FEA_A01","P43","50x50",2013,"MarVin","139","0",139,0
"FEA_A01 P44 50x50 2013","AC","FE_Antimary_2013","FEA_A01","P44","50x50",2013,"MarVin","125","0",125,0
"FEA_A01 P45 50x50 2013","AC","FE_Antimary_2013","FEA_A01","P45","50x50",2013,"MarVin","110","0",110,0
"FEA_A01 P46 50x50 2013","AC","FE_Antimary_2013","FEA_A01","P46","50x50",2013,"MarVin","163","0",160,0
"FEA_A01 P47 50x50 2013","AC","FE_Antimary_2013","FEA_A01","P47","50x50",2013,"MarVin","140","4",140,0
"FEA_A01 P48 50x50 2013","AC","FE_Antimary_2013","FEA_A01","P48","50x50",2013,"MarVin","144","2",144,0
"FEA_A01 P49 50x50 2013","AC","FE_Antimary_2013","FEA_A01","P49","50x50",2013,"MarVin","139","0",132,0
"FEA_A01 P50 50x50 2013","AC","FE_Antimary_2013","FEA_A01","P50","50x50",2013,"MarVin","127","11",124,0
"FEA_A02 P01 100x100 2015","AC","FE_Antimary_2015","FEA_A02","P01","100x100",2015,"MarVin","360","67",358,0
"FEA_A02 P02 100x100 2015","AC","FE_Antimary_2015","FEA_A02","P02","100x100",2015,"MarVin","292","42",291,0
"FEA_A02 P03 100x100 2015","AC","FE_Antimary_2015","FEA_A02","P03","100x100",2015,"MarVin","426","80",423,0
"FEA_A02 P04 100x100 2015","AC","FE_Antimary_2015","FEA_A02","P04","100x100",2015,"MarVin","251","29",243,0
"FEA_A02 P05 100x100 2015","AC","FE_Antimary_2015","FEA_A02","P05","100x100",2015,"MarVin","352","22",348,0
"FEA_A02 P06 100x100 2015","AC","FE_Antimary_2015","FEA_A02","P06","100x100",2015,"MarVin","363","52",361,0
"FEA_A02 P07 100x100 2015","AC","FE_Antimary_2015","FEA_A02","P07","100x100",2015,"MarVin","392","115",389,0
"FEA_A02 P08 100x100 2015","AC","FE_Antimary_2015","FEA_A02","P08","100x100",2015,"MarVin","302","86",299,0
"FEA_A02 P09 100x100 2015","AC","FE_Antimary_2015","FEA_A02","P09","100x100",2015,"MarVin","320","58",319,0
"FEA_A02 P10 100x100 2015","AC","FE_Antimary_2015","FEA_A02","P10","100x100",2015,"MarVin","349","37",345,0
"FEG_A01 P01 100x100 2017","AC","FE_Gregorio_2017","FEG_A01","P01","100x100",2017,"MarVin","579","0",579,0
"FEG_A01 P02 100x100 2017","AC","FE_Gregorio_2017","FEG_A01","P02","100x100",2017,"MarVin","529","0",529,0
"FEG_A01 P03 100x100 2017","AC","FE_Gregorio_2017","FEG_A01","P03","100x100",2017,"MarVin","591","0",591,0
"FEG_A01 P04 100x100 2017","AC","FE_Gregorio_2017","FEG_A01","P04","100x100",2017,"MarVin","622","0",622,0
"FEG_A01 P05 100x100 2017","AC","FE_Gregorio_2017","FEG_A01","P05","100x100",2017,"MarVin","800","0",800,0
"FEG_A01 P06 100x100 2017","AC","FE_Gregorio_2017","FEG_A01","P06","100x100",2017,"MarVin","656","0",656,0
"FEG_A01 P07 100x100 2017","AC","FE_Gregorio_2017","FEG_A01","P07","100x100",2017,"MarVin","646","0",646,0
"FEG_A01 P08 100x100 2017","AC","FE_Gregorio_2017","FEG_A01","P08","100x100",2017,"MarVin","610","0",609,0
"FEG_A01 P09 100x100 2017","AC","FE_Gregorio_2017","FEG_A01","P09","100x100",2017,"MarVin","761","0",761,0
"FEG_A01 P10 100x100 2017","AC","FE_Gregorio_2017","FEG_A01","P10","100x100",2017,"MarVin","676","0",673,0
"FEG_A01 P11 100x100 2017","AC","FE_Gregorio_2017","FEG_A01","P11","100x100",2017,"MarVin","904","0",904,0
"FEG_A01 P12 100x100 2017","AC","FE_Gregorio_2017","FEG_A01","P12","100x100",2017,"MarVin","661","0",661,0
"FEG_A01 P13 100x100 2017","AC","FE_Gregorio_2017","FEG_A01","P13","100x100",2017,"MarVin","797","0",797,0
"FEG_A01 P14 100x100 2017","AC","FE_Gregorio_2017","FEG_A01","P14","100x100",2017,"MarVin","729","0",729,0
"FEG_A01 P15 100x100 2017","AC","FE_Gregorio_2017","FEG_A01","P15","100x100",2017,"MarVin","659","0",659,0
"FEL_A01 P01 100x100 2018","AC","FE_Liberdade_2018","FEL_A01","P01","100x100",2018,"MarVin","546","11",543,0
"FEL_A01 P02 100x100 2018","AC","FE_Liberdade_2018","FEL_A01","P02","100x100",2018,"MarVin","516","17",510,0
"FEL_A01 P03 100x100 2018","AC","FE_Liberdade_2018","FEL_A01","P03","100x100",2018,"MarVin","476","20",475,0
"FEL_A01 P04 100x100 2018","AC","FE_Liberdade_2018","FEL_A01","P04","100x100",2018,"MarVin","552","38",547,0
"FEL_A01 P05 100x100 2018","AC","FE_Liberdade_2018","FEL_A01","P05","100x100",2018,"MarVin","537","26",533,0
"FEL_A01 P06 100x100 2018","AC","FE_Liberdade_2018","FEL_A01","P06","100x100",2018,"MarVin","566","28",561,0
"FEL_A01 P07 100x100 2018","AC","FE_Liberdade_2018","FEL_A01","P07","100x100",2018,"MarVin","490","13",490,0
"FEL_A01 P08 100x100 2018","AC","FE_Liberdade_2018","FEL_A01","P08","100x100",2018,"MarVin","614","16",610,0
"FEL_A01 P09 100x100 2018","AC","FE_Liberdade_2018","FEL_A01","P09","100x100",2018,"MarVin","513","22",511,0
"FEL_A01 P10 100x100 2018","AC","FE_Liberdade_2018","FEL_A01","P10","100x100",2018,"MarVin","602","26",602,0
"FEL_A01 P11 100x100 2018","AC","FE_Liberdade_2018","FEL_A01","P11","100x100",2018,"MarVin","455","17",454,0
"FEL_A01 P12 100x100 2018","AC","FE_Liberdade_2018","FEL_A01","P12","100x100",2018,"MarVin","486","18",486,0
"FEL_A01 P13 100x100 2018","AC","FE_Liberdade_2018","FEL_A01","P13","100x100",2018,"MarVin","477","32",471,0
"FEL_A01 P14 100x100 2018","AC","FE_Liberdade_2018","FEL_A01","P14","100x100",2018,"MarVin","596","21",594,0
"FEL_A01 P15 100x100 2018","AC","FE_Liberdade_2018","FEL_A01","P15","100x100",2018,"MarVin","452","25",451,0
"FEM_A01 P01 100x100 2017","AC","FE_mogno_2017","FEM_A01","P01","100x100",2017,"MarVin","593","44",593,0
"FEM_A01 P02 100x100 2017","AC","FE_mogno_2017","FEM_A01","P02","100x100",2017,"MarVin","538","26",538,0
"FEM_A01 P03 100x100 2017","AC","FE_mogno_2017","FEM_A01","P03","100x100",2017,"MarVin","523","17",523,0
"FEM_A01 P04 100x100 2017","AC","FE_mogno_2017","FEM_A01","P04","100x100",2017,"MarVin","525","15",525,0
"FEM_A01 P05 100x100 2017","AC","FE_mogno_2017","FEM_A01","P05","100x100",2017,"MarVin","525","11",525,0
"FEM_A01 P06 100x100 2017","AC","FE_mogno_2017","FEM_A01","P06","100x100",2017,"MarVin","530","7",530,0
"FEM_A01 P07 100x100 2017","AC","FE_mogno_2017","FEM_A01","P07","100x100",2017,"MarVin","478","16",478,0
"FEM_A01 P08 100x100 2017","AC","FE_mogno_2017","FEM_A01","P08","100x100",2017,"MarVin","487","29",487,0
"FEM_A01 P09 100x100 2017","AC","FE_mogno_2017","FEM_A01","P09","100x100",2017,"MarVin","533","34",533,0
"FEM_A01 P10 100x100 2017","AC","FE_mogno_2017","FEM_A01","P10","100x100",2017,"MarVin","566","21",566,0
"FEM_A01 P11 100x100 2017","AC","FE_mogno_2017","FEM_A01","P11","100x100",2017,"MarVin","519","22",519,0
"FEM_A01 P12 100x100 2017","AC","FE_mogno_2017","FEM_A01","P12","100x100",2017,"MarVin","516","34",516,0
"FEM_A01 P13 100x100 2017","AC","FE_mogno_2017","FEM_A01","P13","100x100",2017,"MarVin","633","16",632,0
"FEM_A01 P14 100x100 2017","AC","FE_mogno_2017","FEM_A01","P14","100x100",2017,"MarVin","489","20",489,0
"FEM_A01 P15 100x100 2017","AC","FE_mogno_2017","FEM_A01","P15","100x100",2017,"MarVin","540","20",540,0
"FN_A01 P06 50x50 2015","MT","Feliz Natal","FN_A01","P06","50x50",2015,"PaiSus","2","3",0,2
"FN_A01 P07 50x50 2015","MT","Feliz Natal","FN_A01","P07","50x50",2015,"PaiSus","1","4",0,1
"FN_A01 P08 50x50 2015","MT","Feliz Natal","FN_A01","P08","50x50",2015,"PaiSus","1","4",0,1
"FN_A01 P09 50x50 2015","MT","Feliz Natal","FN_A01","P09","50x50",2015,"PaiSus","6","4",0,6
"FN_A01 P10 50x50 2015","MT","Feliz Natal","FN_A01","P10","50x50",2015,"PaiSus","11","6",0,11
"FN_A01 P11 50x50 2015","MT","Feliz Natal","FN_A01","P11","50x50",2015,"PaiSus","17","0",0,17
"FN_A01 P12 50x50 2015","MT","Feliz Natal","FN_A01","P12","50x50",2015,"PaiSus","5","6",0,5
"FN_A01 P13 50x50 2015","MT","Feliz Natal","FN_A01","P13","50x50",2015,"PaiSus","34","2",1,33
"FN_A01 P14 50x50 2015","MT","Feliz Natal","FN_A01","P14","50x50",2015,"PaiSus","22","4",1,21
"FN_A01 P15 50x50 2015","MT","Feliz Natal","FN_A01","P15","50x50",2015,"PaiSus","24","5",0,24
"FN_A01 P16 50x50 2015","MT","Feliz Natal","FN_A01","P16","50x50",2015,"PaiSus","24","4",0,23
"FN_A01 P17 50x50 2015","MT","Feliz Natal","FN_A01","P17","50x50",2015,"PaiSus","15","10",0,15
"FN_A01 P18 50x50 2015","MT","Feliz Natal","FN_A01","P18","50x50",2015,"PaiSus","20","5",0,19
"FN_A01 P19 50x50 2015","MT","Feliz Natal","FN_A01","P19","50x50",2015,"PaiSus","17","9",0,16
"FN_A01 P20 50x50 2015","MT","Feliz Natal","FN_A01","P20","50x50",2015,"PaiSus","17","4",0,17
"FN_A01 P21 50x50 2015","MT","Feliz Natal","FN_A01","P21","50x50",2015,"PaiSus","32","2",0,32
"FN_A01 P22 50x50 2015","MT","Feliz Natal","FN_A01","P22","50x50",2015,"PaiSus","23","2",0,23
"FN_A01 P23 50x50 2015","MT","Feliz Natal","FN_A01","P23","50x50",2015,"PaiSus","13","0",1,12
"FN_A01 P24 50x50 2015","MT","Feliz Natal","FN_A01","P24","50x50",2015,"PaiSus","22","1",0,22
"FN_A01 P25 50x50 2015","MT","Feliz Natal","FN_A01","P25","50x50",2015,"PaiSus","24","5",1,23
"FN_A01 P26 50x50 2015","MT","Feliz Natal","FN_A01","P26","50x50",2015,"PaiSus","16","0",0,16
"FN_A01 P27 50x50 2015","MT","Feliz Natal","FN_A01","P27","50x50",2015,"PaiSus","15","2",0,15
"FN_A01 P28 50x50 2015","MT","Feliz Natal","FN_A01","P28","50x50",2015,"PaiSus","22","6",0,22
"FN_A01 P29 50x50 2015","MT","Feliz Natal","FN_A01","P29","50x50",2015,"PaiSus","20","2",0,20
"FN_A01 P30 50x50 2015","MT","Feliz Natal","FN_A01","P30","50x50",2015,"PaiSus","20","4",0,20
"FN_A01 P31 50x50 2015","MT","Feliz Natal","FN_A01","P31","50x50",2015,"PaiSus","26","3",0,26
"FN_A01 P32 50x50 2015","MT","Feliz Natal","FN_A01","P32","50x50",2015,"PaiSus","22","0",0,22
"FN_A01 P33 50x50 2015","MT","Feliz Natal","FN_A01","P33","50x50",2015,"PaiSus","16","3",0,16
"FN_A01 P34 50x50 2015","MT","Feliz Natal","FN_A01","P34","50x50",2015,"PaiSus","27","2",0,27
"FN_A01 P35 50x50 2015","MT","Feliz Natal","FN_A01","P35","50x50",2015,"PaiSus","22","2",0,22
"FN_A01 P36 50x50 2015","MT","Feliz Natal","FN_A01","P36","50x50",2015,"PaiSus","19","3",1,18
"HUM_A01 P01 50x50 2014","AC","Humaitá","HUM_A01","P01","50x50",2014,"PaiSus","27","1",0,27
"HUM_A01 P02 50x50 2014","AC","Humaitá","HUM_A01","P02","50x50",2014,"PaiSus","33","2",0,33
"HUM_A01 P03 50x50 2014","AC","Humaitá","HUM_A01","P03","50x50",2014,"PaiSus","26","1",0,26
"HUM_A01 P04 50x50 2014","AC","Humaitá","HUM_A01","P04","50x50",2014,"PaiSus","19","1",0,19
"HUM_A01 P05 50x50 2014","AC","Humaitá","HUM_A01","P05","50x50",2014,"PaiSus","14","3",0,14
"HUM_A01 P06 50x50 2014","AC","Humaitá","HUM_A01","P06","50x50",2014,"PaiSus","31","0",0,31
"HUM_A01 P07 50x50 2014","AC","Humaitá","HUM_A01","P07","50x50",2014,"PaiSus","33","1",0,33
"HUM_A01 P08 50x50 2014","AC","Humaitá","HUM_A01","P08","50x50",2014,"PaiSus","24","1",0,24
"HUM_A01 P09 50x50 2014","AC","Humaitá","HUM_A01","P09","50x50",2014,"PaiSus","18","1",0,18
"HUM_A01 P10 50x50 2014","AC","Humaitá","HUM_A01","P10","50x50",2014,"PaiSus","16","3",0,16
"JAM_A02 T01_P2 50x50 2013","RO","Floresta Nacional do Jamari","JAM_A02","T01_P2","50x50",2013,"PaiSus","19","3",19,0
"JAM_A02 T01_P3 50x50 2013","RO","Floresta Nacional do Jamari","JAM_A02","T01_P3","50x50",2013,"PaiSus","21","1",21,0
"JAM_A02 T01_P4 50x50 2013","RO","Floresta Nacional do Jamari","JAM_A02","T01_P4","50x50",2013,"PaiSus","22","1",22,0
"JAM_A02 T02_P1 50x50 2013","RO","Floresta Nacional do Jamari","JAM_A02","T02_P1","50x50",2013,"PaiSus","20","0",20,0
"JAM_A02 T02_P2 50x50 2013","RO","Floresta Nacional do Jamari","JAM_A02","T02_P2","50x50",2013,"PaiSus","15","3",15,0
"JAM_A02 T02_P3 50x50 2013","RO","Floresta Nacional do Jamari","JAM_A02","T02_P3","50x50",2013,"PaiSus","16","0",16,0
"JAM_A02 T02_P4 50x50 2013","RO","Floresta Nacional do Jamari","JAM_A02","T02_P4","50x50",2013,"PaiSus","19","3",19,0
"JAM_A02 T04_P1 50x50 2013","RO","Floresta Nacional do Jamari","JAM_A02","T04_P1","50x50",2013,"PaiSus","21","1",20,0
"JAM_A02 T04_P2 50x50 2013","RO","Floresta Nacional do Jamari","JAM_A02","T04_P2","50x50",2013,"PaiSus","20","1",20,0
"JAM_A02 T04_P3 50x50 2013","RO","Floresta Nacional do Jamari","JAM_A02","T04_P3","50x50",2013,"PaiSus","26","2",26,0
"JAM_A02 T04_P4 50x50 2013","RO","Floresta Nacional do Jamari","JAM_A02","T04_P4","50x50",2013,"PaiSus","21","3",21,0
"JAM_A02 T05_P1 50x50 2013","RO","Floresta Nacional do Jamari","JAM_A02","T05_P1","50x50",2013,"PaiSus","21","1",21,0
"JAM_A02 T05_P2 50x50 2013","RO","Floresta Nacional do Jamari","JAM_A02","T05_P2","50x50",2013,"PaiSus","27","1",27,0
"JAM_A02 T05_P3 50x50 2013","RO","Floresta Nacional do Jamari","JAM_A02","T05_P3","50x50",2013,"PaiSus","23","0",23,0
"JAM_A02 T05_P4 50x50 2013","RO","Floresta Nacional do Jamari","JAM_A02","T05_P4","50x50",2013,"PaiSus","17","3",17,0
"JAM_A02 T06_P1 50x50 2013","RO","Floresta Nacional do Jamari","JAM_A02","T06_P1","50x50",2013,"PaiSus","19","2",19,0
"JAM_A02 T06_P2 50x50 2013","RO","Floresta Nacional do Jamari","JAM_A02","T06_P2","50x50",2013,"PaiSus","13","0",13,0
"JAM_A02 T06_P3 50x50 2013","RO","Floresta Nacional do Jamari","JAM_A02","T06_P3","50x50",2013,"PaiSus","17","2",17,0
"JAM_A02 T06_P4 50x50 2013","RO","Floresta Nacional do Jamari","JAM_A02","T06_P4","50x50",2013,"PaiSus","12","2",12,0
"JAM_A03 T08_P1 50x50 2013","RO","Floresta Nacional do Jamari","JAM_A03","T08_P1","50x50",2013,"PaiSus","23","1",23,0
"JAM_A03 T08_P2 50x50 2013","RO","Floresta Nacional do Jamari","JAM_A03","T08_P2","50x50",2013,"PaiSus","28","2",28,0
"JAM_A03 T08_P3 50x50 2013","RO","Floresta Nacional do Jamari","JAM_A03","T08_P3","50x50",2013,"PaiSus","19","1",19,0
"JAM_A03 T08_P4 50x50 2013","RO","Floresta Nacional do Jamari","JAM_A03","T08_P4","50x50",2013,"PaiSus","21","2",21,0
"PAR_A01 P01 50x50 2018","PA","Paragominas","PAR_A01","P01","50x50",2018,"PaiSus","63","0",56,7
"PAR_A01 P02 50x50 2018","PA","Paragominas","PAR_A01","P02","50x50",2018,"PaiSus","53","0",42,8
"PAR_A01 P03 50x50 2018","PA","Paragominas","PAR_A01","P03","50x50",2018,"PaiSus","35","4",28,7
"PAR_A01 P04 50x50 2018","PA","Paragominas","PAR_A01","P04","50x50",2018,"PaiSus","23","2",18,5
"PAR_A01 P05 50x50 2018","PA","Paragominas","PAR_A01","P05","50x50",2018,"PaiSus","45","2",42,3
"PAR_A01 P06 50x50 2018","PA","Paragominas","PAR_A01","P06","50x50",2018,"PaiSus","14","3",10,4
"PAR_A01 P07 50x50 2018","PA","Paragominas","PAR_A01","P07","50x50",2018,"PaiSus","35","8",30,5
"PAR_A01 P08 50x50 2018","PA","Paragominas","PAR_A01","P08","50x50",2018,"PaiSus","31","2",27,4
"PAR_A01 P09 50x50 2018","PA","Paragominas","PAR_A01","P09","50x50",2018,"PaiSus","43","4",35,8
"PAR_A01 P10 50x50 2018","PA","Paragominas","PAR_A01","P10","50x50",2018,"PaiSus","30","1",27,3
"PAR_A01 P11 50x50 2018","PA","Paragominas","PAR_A01","P11","50x50",2018,"PaiSus","30","3",25,5
"PAR_A01 P12 50x50 2018","PA","Paragominas","PAR_A01","P12","50x50",2018,"PaiSus","44","1",37,7
"PAR_A01 P14 50x50 2018","PA","Paragominas","PAR_A01","P14","50x50",2018,"PaiSus","39","1",34,5
"PAR_A01 P15 50x50 2018","PA","Paragominas","PAR_A01","P15","50x50",2018,"PaiSus","26","3",22,4
"PAR_A01 P16 50x50 2018","PA","Paragominas","PAR_A01","P16","50x50",2018,"PaiSus","29","6",23,6
"PAR_A01 P17 50x50 2018","PA","Paragominas","PAR_A01","P17","50x50",2018,"PaiSus","38","0",33,5
"PAR_A01 P18 50x50 2018","PA","Paragominas","PAR_A01","P18","50x50",2018,"PaiSus","20","1",16,4
"PAR_A01 P19 50x50 2018","PA","Paragominas","PAR_A01","P19","50x50",2018,"PaiSus","34","1",28,6
"PAR_A01 P20 50x50 2018","PA","Paragominas","PAR_A01","P20","50x50",2018,"PaiSus","33","1",29,4
"PAR_A01 P21 50x50 2018","PA","Paragominas","PAR_A01","P21","50x50",2018,"PaiSus","35","6",30,5
"PAR_A01 P22 50x50 2018","PA","Paragominas","PAR_A01","P22","50x50",2018,"PaiSus","63","5",56,7
"PAR_A01 P23 50x50 2018","PA","Paragominas","PAR_A01","P23","50x50",2018,"PaiSus","41","2",36,5
"PAR_A01 P24 50x50 2018","PA","Paragominas","PAR_A01","P24","50x50",2018,"PaiSus","23","4",19,4
"PAR_A01 P25 50x50 2018","PA","Paragominas","PAR_A01","P25","50x50",2018,"PaiSus","35","1",31,4
"PAR_A01 P26 50x50 2018","PA","Paragominas","PAR_A01","P26","50x50",2018,"PaiSus","33","1",27,6
"PAR_A01 P27 50x50 2018","PA","Paragominas","PAR_A01","P27","50x50",2018,"PaiSus","58","6",49,9
"PAR_A01 P28 50x50 2018","PA","Paragominas","PAR_A01","P28","50x50",2018,"PaiSus","24","1",19,5
"PAR_A01 P29 50x50 2018","PA","Paragominas","PAR_A01","P29","50x50",2018,"PaiSus","41","0",37,4
"PAR_A01 P30 50x50 2018","PA","Paragominas","PAR_A01","P30","50x50",2018,"PaiSus","12","3",10,2
"PAR_A01 P31 50x50 2018","PA","Paragominas","PAR_A01","P31","50x50",2018,"PaiSus","36","1",32,4
"PAR_A01 P32 50x50 2018","PA","Paragominas","PAR_A01","P32","50x50",2018,"PaiSus","33","3",27,5
"PAR_A01 P33 50x50 2018","PA","Paragominas","PAR_A01","P33","50x50",2018,"PaiSus","47","2",41,6
"PAR_A01 P34 50x50 2018","PA","Paragominas","PAR_A01","P34","50x50",2018,"PaiSus","36","3",32,4
"PAR_A01 P35 50x50 2018","PA","Paragominas","PAR_A01","P35","50x50",2018,"PaiSus","49","0",44,5
"PAR_A01 P36 50x50 2018","PA","Paragominas","PAR_A01","P36","50x50",2018,"PaiSus","27","0",23,3
"PAR_A01 P37 50x50 2018","PA","Paragominas","PAR_A01","P37","50x50",2018,"PaiSus","17","0",13,4
"PAR_A01 P38 50x50 2018","PA","Paragominas","PAR_A01","P38","50x50",2018,"PaiSus","43","3",38,5
"PAR_A01 P39 50x50 2018","PA","Paragominas","PAR_A01","P39","50x50",2018,"PaiSus","53","3",47,6
"PAR_A01 P40 50x50 2018","PA","Paragominas","PAR_A01","P40","50x50",2018,"PaiSus","40","3",34,6
"SAN_A01 P01 50x50 2014","PA","Santarem-III","SAN_A01","P01","50x50",2014,"PaiSus","23","1",4,19
"SAN_A01 P02 50x50 2014","PA","Santarem-III","SAN_A01","P02","50x50",2014,"PaiSus","18","2",0,18
"SAN_A01 P03 50x50 2014","PA","Santarem-III","SAN_A01","P03","50x50",2014,"PaiSus","28","1",0,28
"SAN_A01 P04 50x50 2014","PA","Santarem-III","SAN_A01","P04","50x50",2014,"PaiSus","25","2",0,25
"SAN_A01 P05 50x50 2014","PA","Santarem-III","SAN_A01","P05","50x50",2014,"PaiSus","16","1",0,16
"SAN_A01 P06 50x50 2014","PA","Santarem-III","SAN_A01","P06","50x50",2014,"PaiSus","26","2",0,26
"SAN_A01 P07 50x50 2014","PA","Santarem-III","SAN_A01","P07","50x50",2014,"PaiSus","7","3",0,7
"SAN_A01 P08 50x50 2014","PA","Santarem-III","SAN_A01","P08","50x50",2014,"PaiSus","20","1",1,19
"SAN_A02 G01_P01 50x50 2014","PA","Santarem-III","SAN_A02","G01_P01","50x50",2014,"PaiSus","18","0",3,15
"SAN_A02 G01_P02 50x50 2014","PA","Santarem-III","SAN_A02","G01_P02","50x50",2014,"PaiSus","35","2",2,33
"SAN_A02 G01_P03 50x50 2014","PA","Santarem-III","SAN_A02","G01_P03","50x50",2014,"PaiSus","22","3",0,22
"SAN_A02 G02_P05 50x50 2014","PA","Santarem-III","SAN_A02","G02_P05","50x50",2014,"PaiSus","28","2",0,28
"SAN_A02 G02_P06 50x50 2014","PA","Santarem-III","SAN_A02","G02_P06","50x50",2014,"PaiSus","30","3",0,30
"SAN_A02 G02_P07 50x50 2014","PA","Santarem-III","SAN_A02","G02_P07","50x50",2014,"PaiSus","21","2",0,21
"SFI_A01 P01 100x100 2017","AC","Ser_Filipinas_2017","SFI_A01","P01","100x100",2017,"MarVin","467","53",450,0
"SFI_A01 P02 100x100 2017","AC","Ser_Filipinas_2017","SFI_A01","P02","100x100",2017,"MarVin","503","40",472,0
"SFI_A01 P03 100x100 2017","AC","Ser_Filipinas_2017","SFI_A01","P03","100x100",2017,"MarVin","465","33",451,0
"SFI_A01 P04 100x100 2017","AC","Ser_Filipinas_2017","SFI_A01","P04","100x100",2017,"MarVin","406","26",385,0
"SFI_A01 P05 100x100 2017","AC","Ser_Filipinas_2017","SFI_A01","P05","100x100",2017,"MarVin","555","41",529,0
"SFI_A01 P06 100x100 2017","AC","Ser_Filipinas_2017","SFI_A01","P06","100x100",2017,"MarVin","505","71",476,0
"SFI_A01 P07 100x100 2017","AC","Ser_Filipinas_2017","SFI_A01","P07","100x100",2017,"MarVin","573","55",552,0
"SFI_A01 P08 100x100 2017","AC","Ser_Filipinas_2017","SFI_A01","P08","100x100",2017,"MarVin","609","58",590,0
"SFI_A01 P09 100x100 2017","AC","Ser_Filipinas_2017","SFI_A01","P09","100x100",2017,"MarVin","493","55",457,0
"SFI_A01 P10 100x100 2017","AC","Ser_Filipinas_2017","SFI_A01","P10","100x100",2017,"MarVin","516","63",487,0
"SFI_A01 P11 100x100 2017","AC","Ser_Filipinas_2017","SFI_A01","P11","100x100",2017,"MarVin","452","60",431,0
"SFI_A01 P12 100x100 2017","AC","Ser_Filipinas_2017","SFI_A01","P12","100x100",2017,"MarVin","488","31",474,0
"SFI_A01 P13 100x100 2017","AC","Ser_Filipinas_2017","SFI_A01","P13","100x100",2017,"MarVin","566","55",553,0
"SFI_A01 P14 100x100 2017","AC","Ser_Filipinas_2017","SFI_A01","P14","100x100",2017,"MarVin","549","41",535,0
"SFI_A01 P15 100x100 2017","AC","Ser_Filipinas_2017","SFI_A01","P15","100x100",2017,"MarVin","510","36",494,0
"SFX_A01 P01 40x40 2011","PA","São Félix do Xingu","SFX_A01","P01","40x40",2011,"PaiSus","60","1",53,7
"SFX_A01 P02 40x40 2011","PA","São Félix do Xingu","SFX_A01","P02","40x40",2011,"PaiSus","63","5",50,11
"SFX_A01 P03 40x40 2011","PA","São Félix do Xingu","SFX_A01","P03","40x40",2011,"PaiSus","66","8",55,11
"SFX_A01 P04 40x40 2011","PA","São Félix do Xingu","SFX_A01","P04","40x40",2011,"PaiSus","82","6",66,13
"SFX_A01 P05 40x40 2011","PA","São Félix do Xingu","SFX_A01","P05","40x40",2011,"PaiSus","52","6",47,5
"SFX_A01 P06 40x40 2011","PA","São Félix do Xingu","SFX_A01","P06","40x40",2011,"PaiSus","68","3",60,7
"SFX_A01 P07 40x40 2011","PA","São Félix do Xingu","SFX_A01","P07","40x40",2011,"PaiSus","80","6",58,15
"SFX_A01 P08 40x40 2011","PA","São Félix do Xingu","SFX_A01","P08","40x40",2011,"PaiSus","63","2",60,3
"SFX_A01 P09 40x40 2011","PA","São Félix do Xingu","SFX_A01","P09","40x40",2011,"PaiSus","64","7",48,14
"TAL_A01 P04 50x50 2014","AC","Talismã","TAL_A01","P04","50x50",2014,"PaiSus","32","2",1,30
"TAL_A01 P05 50x50 2014","AC","Talismã","TAL_A01","P05","50x50",2014,"PaiSus","18","0",0,18
"TAL_A01 P08 50x50 2014","AC","Talismã","TAL_A01","P08","50x50",2014,"PaiSus","34","2",0,34
"TAL_A01 P09 50x50 2014","AC","Talismã","TAL_A01","P09","50x50",2014,"PaiSus","24","6",1,23
"TAL_A01 P10 50x50 2014","AC","Talismã","TAL_A01","P10","50x50",2014,"PaiSus","13","2",0,13
"TAP_A01 P63 50x50 2018","PA","Floresta Nacional do Tapajós","TAP_A01","P63","50x50",2018,"PaiSus","94","11",93,0
"TAP_A01 P64 50x50 2018","PA","Floresta Nacional do Tapajós","TAP_A01","P64","50x50",2018,"PaiSus","103","34",101,0
"TAP_A01 P65 50x50 2018","PA","Floresta Nacional do Tapajós","TAP_A01","P65","50x50",2018,"PaiSus","126","15",125,0
"TAP_A01 P66 50x50 2018","PA","Floresta Nacional do Tapajós","TAP_A01","P66","50x50",2018,"PaiSus","4","113",4,0
"TAP_A01 P67 50x50 2018","PA","Floresta Nacional do Tapajós","TAP_A01","P67","50x50",2018,"PaiSus","116","15",115,0
"TAP_A01 P68 50x50 2018","PA","Floresta Nacional do Tapajós","TAP_A01","P68","50x50",2018,"PaiSus","118","17",118,0
"TAP_A01 P75 50x50 2018","PA","Floresta Nacional do Tapajós","TAP_A01","P75","50x50",2018,"PaiSus","124","21",122,0
"TAP_A01 P76 50x50 2018","PA","Floresta Nacional do Tapajós","TAP_A01","P76","50x50",2018,"PaiSus","115","17",115,0
"TAP_A01 P77 50x50 2018","PA","Floresta Nacional do Tapajós","TAP_A01","P77","50x50",2018,"PaiSus","109","23",109,0
"TAP_A03 P60 50x50 2015","PA","Floresta Nacional do Tapajós","TAP_A03","P60","50x50",2015,"PaiSus","98","4",82,16
"TAP_A03 P61 50x50 2015","PA","Floresta Nacional do Tapajós","TAP_A03","P61","50x50",2015,"PaiSus","84","44",2,82
"TAP_A03 P62 50x50 2015","PA","Floresta Nacional do Tapajós","TAP_A03","P62","50x50",2015,"PaiSus","94","51",0,93
"TAP_A03 P69 50x50 2015","PA","Floresta Nacional do Tapajós","TAP_A03","P69","50x50",2015,"PaiSus","109","28",0,109
"TAP_A03 P70 50x50 2015","PA","Floresta Nacional do Tapajós","TAP_A03","P70","50x50",2015,"PaiSus","73","20",10,63
"TAP_A03 P71 50x50 2015","PA","Floresta Nacional do Tapajós","TAP_A03","P71","50x50",2015,"PaiSus","141","8",105,36
"TAP_A03 P72 50x50 2015","PA","Floresta Nacional do Tapajós","TAP_A03","P72","50x50",2015,"PaiSus","157","31",113,41
"TAP_A03 P73 50x50 2015","PA","Floresta Nacional do Tapajós","TAP_A03","P73","50x50",2015,"PaiSus","86","39",4,82
"TAP_A03 P74 50x50 2015","PA","Floresta Nacional do Tapajós","TAP_A03","P74","50x50",2015,"PaiSus","127","14",102,25
"TKX_A01 P01 100x100 2016","AC","TI_Kaxinawa_2016","TKX_A01","P01","100x100",2016,"MarVin","366","0",359,0
"TKX_A01 P02 100x100 2016","AC","TI_Kaxinawa_2016","TKX_A01","P02","100x100",2016,"MarVin","271","0",270,0
"TKX_A01 P03 100x100 2016","AC","TI_Kaxinawa_2016","TKX_A01","P03","100x100",2016,"MarVin","300","0",285,0
"TKX_A01 P04 100x100 2016","AC","TI_Kaxinawa_2016","TKX_A01","P04","100x100",2016,"MarVin","379","0",375,0
"TKX_A01 P05 100x100 2016","AC","TI_Kaxinawa_2016","TKX_A01","P05","100x100",2016,"MarVin","340","0",334,0
"TKX_A01 P06 100x100 2016","AC","TI_Kaxinawa_2016","TKX_A01","P06","100x100",2016,"MarVin","375","0",368,0
"TKX_A01 P07 100x100 2016","AC","TI_Kaxinawa_2016","TKX_A01","P07","100x100",2016,"MarVin","351","0",345,0
"TKX_A01 P08 100x100 2016","AC","TI_Kaxinawa_2016","TKX_A01","P08","100x100",2016,"MarVin","342","0",333,0
"TKX_A01 P09 100x100 2016","AC","TI_Kaxinawa_2016","TKX_A01","P09","100x100",2016,"MarVin","367","0",357,0
"TKX_A01 P10 100x100 2016","AC","TI_Kaxinawa_2016","TKX_A01","P10","100x100",2016,"MarVin","428","0",418,0
"TKX_A01 P11 100x100 2016","AC","TI_Kaxinawa_2016","TKX_A01","P11","100x100",2016,"MarVin","396","0",389,0
"TKX_A01 P12 100x100 2016","AC","TI_Kaxinawa_2016","TKX_A01","P12","100x100",2016,"MarVin","290","0",287,0
